id1;start1;end1;id2;start2;end2;subseqDP;hybridDP;E
RPS9-0(-)-CDS-bounded RPS9-0(-);590;598;ENSRNA049495626-T1-U1;64;72;GUGUGUAAU&AUUGCACAU;(((((((((&)))))))));-9.31126
RPS9-0(-)-CDS-bounded RPS9-0(-);1316;1326;ENSRNA049495626-T1-U1;65;75;GGUAAGUGCAG&UUGCACAUACC;((((.((((((&)))))).))));-8.29144
RPS9-0(-)-CDS-bounded RPS9-0(-);724;733;ENSRNA049495626-T1-U1;29;38;UCUUUUUGAU&AUCAAGAAGA;((((((((((&))))))))));-8.19116
RPS9-0(-)-CDS-bounded RPS9-0(-);750;761;ENSRNA049495626-T1-U1;126;138;CGCGUUACAGAU&AUUUGUGGCAGCG;((((((((((((&))))))))).)));-7.79955
RPS9-0(-)-CDS-bounded RPS9-0(-);751;761;ENSRNA049495626-T1-U1;126;137;GCGUUACAGAU&AUUUGUGGCAGC;(((((((((((&))))))))).));-7.64379
RPS9-0(-)-CDS-bounded RPS9-0(-);725;733;ENSRNA049495626-T1-U1;29;37;CUUUUUGAU&AUCAAGAAG;(((((((((&)))))))));-7.57106
RPS9-0(-)-CDS-bounded RPS9-0(-);591;598;ENSRNA049495626-T1-U1;64;71;UGUGUAAU&AUUGCACA;((((((((&))))))));-7.20347
RPS9-0(-)-CDS-bounded RPS9-0(-);833;844;ENSRNA049495626-T1-U1;2;12;CUAGGAUAAGUG&CACUUACCUGG;(((((.((((((&)))))))))));-7.05629
RPS9-0(-)-CDS-bounded RPS9-0(-);235;244;ENSRNA049495626-T1-U1;127;137;GCUGCUCAGA&UUUGUGGCAGC;((((((((((&)))).))))));-6.79192
RPS9-0(-)-CDS-bounded RPS9-0(-);1315;1323;ENSRNA049495626-T1-U1;2;10;AGGUAAGUG&CACUUACCU;(((((((((&)))))))));-6.66157
RPS9-0(-)-CDS-bounded RPS9-0(-);753;761;ENSRNA049495626-T1-U1;126;134;GUUACAGAU&AUUUGUGGC;(((((((((&)))))))));-6.60336
RPS9-0(-)-CDS-bounded RPS9-0(-);1321;1326;ENSRNA049495626-T1-U1;65;70;GUGCAG&UUGCAC;((((((&))))));-6.49832
RPS9-0(-)-CDS-bounded RPS9-0(-);831;844;ENSRNA049495626-T1-U1;2;14;GACUAGGAUAAGUG&CACUUACCUGGAC;(.(((((.((((((&))))))))))).);-6.28106
RPS9-0(-)-CDS-bounded RPS9-0(-);1303;1307;ENSRNA049495626-T1-U1;66;70;GUGCA&UGCAC;(((((&)))));-6.27976
RPS9-0(-)-CDS-bounded RPS9-0(-);924;928;ENSRNA049495626-T1-U1;133;137;GCUGC&GCAGC;(((((&)))));-6.25199
RPS9-0(-)-CDS-bounded RPS9-0(-);263;268;ENSRNA049495626-T1-U1;117;122;GACGUA&UACGUC;((((((&))))));-6.1562
RPS9-0(-)-CDS-bounded RPS9-0(-);592;598;ENSRNA049495626-T1-U1;64;70;GUGUAAU&AUUGCAC;(((((((&)))))));-6.13763
RPS9-0(-)-CDS-bounded RPS9-0(-);266;274;ENSRNA049495626-T1-U1;66;74;GUAAGUGCG&UGCACAUAC;(((.(((((&))))).)));-6.1068
RPS9-0(-)-CDS-bounded RPS9-0(-);539;546;ENSRNA049495626-T1-U1;28;35;UCUUGGUU&GAUCAAGA;((((((((&))))))));-5.87772
RPS9-0(-)-CDS-bounded RPS9-0(-);501;508;ENSRNA049495626-T1-U1;127;134;GCUAUGAA&UUUGUGGC;((((((((&))))))));-5.77508
